annuaire,adresse,semaine,description utilisée,lien de campagne,date d'envoi,statut,adresse de la fiche,notes
Fiche Google Business,https://business.google.com,1,locale,https://epurestudio.be/?utm_source=google&utm_medium=fiche&utm_campaign=gbp,,à faire,,
Bing Places,https://www.bingplaces.com,1,locale,https://epurestudio.be/?utm_source=bing&utm_medium=fiche&utm_campaign=places,,à faire,,importer depuis la fiche Google
Apple Business Connect,https://businessconnect.apple.com,1,locale,https://epurestudio.be/?utm_source=apple&utm_medium=fiche&utm_campaign=plans,,à faire,,
LinkedIn (page entreprise),https://www.linkedin.com/company/setup/new/,1,plateformes,https://epurestudio.be/a-propos?utm_source=linkedin&utm_medium=social&utm_campaign=page,,à faire,,relier les profils de Khalil et Wassim
Sortlist,https://www.sortlist.be,2,plateformes,https://epurestudio.be/realisations?utm_source=sortlist&utm_medium=annuaire&utm_campaign=listing,,à faire,,
Clutch,https://clutch.co,2,plateformes,https://epurestudio.be/realisations?utm_source=clutch&utm_medium=annuaire&utm_campaign=listing,,à faire,,
DesignRush,https://www.designrush.com,2,plateformes,https://epurestudio.be/services?utm_source=designrush&utm_medium=annuaire&utm_campaign=listing,,à faire,,
GoodFirms,https://www.goodfirms.co,2,plateformes,https://epurestudio.be/services?utm_source=goodfirms&utm_medium=annuaire&utm_campaign=listing,,à faire,,
Malt,https://www.malt.be,2,plateformes,https://epurestudio.be/services?utm_source=malt&utm_medium=annuaire&utm_campaign=profil,,à faire,,profil de Khalil
Pages d'Or,https://www.goldenpages.be,3,belge,https://epurestudio.be/?utm_source=pagesdor&utm_medium=annuaire&utm_campaign=listing,,à faire,,
Infobel,https://www.infobel.com,3,belge,https://epurestudio.be/?utm_source=infobel&utm_medium=annuaire&utm_campaign=listing,,à faire,,
Cylex Belgique,https://www.cylex.be,3,belge,https://epurestudio.be/?utm_source=cylex&utm_medium=annuaire&utm_campaign=listing,,à faire,,
1307,https://www.1307.be,3,belge,https://epurestudio.be/?utm_source=1307&utm_medium=annuaire&utm_campaign=listing,,à faire,,
Trustoo,https://www.trustoo.be,3,belge,https://epurestudio.be/services?utm_source=trustoo&utm_medium=annuaire&utm_campaign=listing,,à faire,,
Facebook (page),https://www.facebook.com/pages/create,3,locale,https://epurestudio.be/?utm_source=facebook&utm_medium=social&utm_campaign=page,,à faire,,
Trustpilot,https://www.trustpilot.com,plus tard,plateformes,https://epurestudio.be/?utm_source=trustpilot&utm_medium=avis&utm_campaign=profil,,après 5 avis,,
